﻿{
  "a0a0": {
    "ar": "الصفحة الرئيسية",
    "en": "Home"
  },
  "a1": {
    "ar": "خدماتنا",
    "en": "Our Businesses"
  },
  "00a2": {
    "ar": "الأخبارو الأحداث",
    "en": "News & Events"
  },
  "00a3": {
    "ar": "فرص العمل",
    "en": "Careers"
  },
  "00a4": {
    "ar": "اتصل بنا",
    "en": "Get in Touch"
  },
  "aa0": {
    "ar": "عن الشركة",
    "en": "About Us"
  },
  "aa1": {
    "ar": "عن",
    "en": "About"
  },
  "00aa2": {
    "ar": "لمحة عامة  عن الشركة",
    "en": "Company Overview"
  },
  "00aa3": {
    "ar": "تأسس فلاور سنتر في دولة الإمارات العربية المتحدة في عام 2012 عندما بدأنا في استيراد الزهور الاصطناعية وتوزيعها في السوق. وفي عام 2015 ، افتتحنا فرعنا الأول للبيع بالتجزئة مباشرة تلاه فرع ثان ، وبعد ذلك بدأنا بالتعاقد مع مصانع في الخارج لتصنيع المنتجات وفق مواصفاتنا الخاصة للبيع بالجملة والتجزئة ، إضافة إلى ذلك بدأنا رحلتنا في بيع الورود الطبيعية وتنسيق الحفلات حتى يومنا هذا",
    "en": "Flower Center was established in the UAE in 2012 when we started importing artificial flowers and distributing them in the market. In year 2015, we opened our first branch for direct retail selling followed by a second branch. After that, we have started contracting with factories abroad to manufacture products according to our own specifications for wholesale and retail selling. In addition to that, we began our journey in selling natural roses and coordinating parties until this day."

  },
  "00aa5": {
    "ar": "اشترك في البريد الالكتروني ",
    "en": "Subscribe Our Newsletter"
  },
  "00cn0": {
    "ar": "اتصل بنا",
    "en": "Contact Us"
  },
  "00cn1": {
    "ar": "للإتصال",
    "en": "Contact"
  },
  "00cn2": {
    "ar": "اي استفسار",
    "en": "ANY QUERY"
  },
  "00cn3": {
    "ar": "ارسل بريد الكتروني",
    "en": "Send Email"
  },
  "00cn4": {
    "ar": "العنوان : ",
    "en": "Address : "
  },
  "00cn5": {
    "ar": "البريد الالكتروني : ",
    "en": "Email : "
  },
  "00cn6": {
    "ar": "ال الهاتف ",
    "en": "Telephone : "
  },
  "00cn7": {
    "ar": "الموبايل : ",
    "en": "Mobile : "
  },
  "00cn8": {
    "ar": "فلاور سنتر, مجمع الطويلة,   المبنى رقم  20 ,   شارع رقم 4101, الجفير , مملكة البحرين ",
    "en": "Flower Center, Al Taweela Complex, Building 20, Road 4101 Juffair, Kingdom of Bahrain"
  },
  "00kb8": {
    "ar": "مملكة البحرين",
    "en": "Kingdom of Bahrain"
  },
  "h0": {
    "ar": "إختر باقتك و اضفها للسلة",
    "en": "Choose your flower then click order in the website."
  },
  "h1": {
    "ar": "إملأ معلومات طلبك و تأكد من صحتها",
    "en": "Fill in your order data  form & make sure everything fits."
  },
  "00h2": {
    "ar": "إدفع للطلب حسب مجموع الفاتورة",
    "en": "Make payment according to the price listed on your order."
  },
  "00h3": {
    "ar": "تم استلام طلبك و سيتم توصيله  إلى عنوانك",
    "en": "Your flowers is ready to process & delivery to your address."
  },
  "00h4": {
    "ar": "الفرز حسب الكلمات",
    "en": "FILTER BY TEXT"
  },
  "00h5": {
    "ar": "التصنيف حسب السعر",
    "en": "FILTER BY PRICE"
  },
  "00h6": {
    "ar": "ابحث",
    "en": "Search"
  },
  "00h7": {
    "ar": "التصنيفات ",
    "en": "CATEGORIES"
  },
  "00h8": {
    "ar": "الالوان",
    "en": "Color"
  },
  "00h9": {
    "ar": "اشترك في البريد الالكتروني ",
    "en": "Subscribe Our Newsletter"
  },
  "00h10": {
    "ar": "لماذا فلاور سنتر",
    "en": "WHY FLOWER CENTER?"
  },
  "00h11": {
    "ar": "المنتجات المفضلة",
    "en": "Featured Products"
  },
  "00h13": {
    "ar": "جميع المنتجات",
    "en": "All Products"
  },
  "00h12": {
    "ar": "مشاهدة كل المنتجات",
    "en": "View All"
  },
  "00ca0": {
    "ar": "السلة",
    "en": "Cart"
  },
  "00ca1": {
    "ar": "الصور",
    "en": "Images"
  },
  "00ca2": {
    "ar": "المنتج",
    "en": "Product"
  },
  "00ca3": {
    "ar": "سعر الوحده",
    "en": "Unit Price"
  },
  "00ca4": {
    "ar": "الكمية",
    "en": "Quantity"
  },
  "00ca5": {
    "ar": "المجموع",
    "en": "Total"
  },
  "00ca6": {
    "ar": "حذف",
    "en": "Remove"
  },
  "00ca7": {
    "ar": "مواصلة التسوق",
    "en": "Continue Shopping"
  },
  "00ca8": {
    "ar": "المتابعة لإتمام الطلب",
    "en": "Proceed to checkout"
  },
  "00ch0": {
    "ar": "إتمام الطلب",
    "en": "Checkout"
  },
  "00ch1": {
    "ar": "إظغط هنا لإضافة الكود",
    "en": "Click here to enter your code"
  },
  "00ch2": {
    "ar": "اضف  قسيمة الشراء",
    "en": "Apply coupon"
  },
  "00apn2": {
    "ar": "قدم الآن",
    "en": "Apply Now"
  },
  "00ch3": {
    "ar": "عنوان التوصيل",
    "en": "Billing Details"
  },
  "00ch4": {
    "ar": "مجموع المشتريات",
    "en": "Cart Subtotal"
  },
  "00ch5": {
    "ar": "رسوم التوصيل",
    "en": "Delivery Charges"
  },
  "00ch6": {
    "ar": "تخفيض قسيمة الشراء",
    "en": "Coupon Discount"
  },
  "00ch7": {
    "ar": "مجموع الطلب",
    "en": "Order Total"
  },
  "00ch8": {
    "ar": "خيارات الدفع",
    "en": "Payment Option"
  },
  "00ch9": {
    "ar": "قيمة الضريبة",
    "en": "Tax Amount"
  },
  "00ch10": {
    "ar": "تفاصيل التوصيل",
    "en": "Delivery Details"
  },
  "00ch11": {
    "ar": "طلبك",
    "en": "Your Order"
  },
  "00ch12": {
    "ar": "المنتج",
    "en": "PRODUCT"
  },
  "00ch13": {
    "ar": "المجموع",
    "en": "TOTAL"
  },
  "00mo0": {
    "ar": "قائمة طلباتي",
    "en": "My Orders"
  },
  "00mo1": {
    "ar": "الطلبات",
    "en": "Orders"
  },
  "00mo2": {
    "ar": "جميع الطلبات",
    "en": "-- All Orders --"
  },
  "00mo3": {
    "ar": "الطلب?#?",
    "en": "Order#"
  },
  "00mo4": {
    "ar": "الاسم",
    "en": "Name"
  },
  "00mo5": {
    "ar": "المجموع",
    "en": "Total"
  },
  "00mo6": {
    "ar": "التاريخ",
    "en": "Date"
  },
  "00mo7": {
    "ar": "حالة الطلب",
    "en": "Status"
  },
  "00oc0": {
    "ar": "الغاء الطلب",
    "en": "Order Cancel"
  },
  "00oc1": {
    "ar": "لم تتم عملية الدفع بنجاح",
    "en": "Your Payment through card not successfully done."
  },
  "00oc2": {
    "ar": "جرب مرة ثانية",
    "en": "Try Again"
  },
  "00oc3": {
    "ar": "شكرا ",
    "en": "THANK YOU"
  },
  "00oc4": {
    "ar": "رقم الطلب",
    "en": "Order Number"
  },
  "00oc5": {
    "ar": "تم استلام طلبك بنجاح",
    "en": "Your Order was completed successfully."
  },
  "00oc6": {
    "ar": "الرجوع الى التسوق",
    "en": "Back to shop"
  },
  "00od0": {
    "ar": "تفاصيل الطلب",
    "en": "Order Details"
  },
  "00od1": {
    "ar": "التفاصيل",
    "en": "Details"
  },
  "00od2": {
    "ar": "تفاصيل الطلب",
    "en": "-- Order Details --"
  },
  "00od3": {
    "ar": "معلومات الطلب",
    "en": "Order Information"
  },
  "00od4": {
    "ar": "معلومات الزبون",
    "en": "Customer Information"
  },
  "00od5": {
    "ar": "معلومات الطلب",
    "en": "Order Details."
  },
  "00od6": {
    "ar": "تفاصيل الفوترة",
    "en": "Billing Information"
  },
  "00od7": {
    "ar": "الرجوع للطلبات",
    "en": "Back to Orders"
  },
  "00pd0": {
    "ar": "تفاصيل المنتج",
    "en": "Product Detail"
  },
  "00pd1": {
    "ar": "الكميه",
    "en": "Quantity :"
  },
  "00pd2": {
    "ar": "الوصف",
    "en": "Description"
  },
  "00pd3": {
    "ar": "اضف هدية",
    "en": "ADD GIFT"
  },
  "00w0": {
    "ar": "قائمة الرغبات",
    "en": "Wishlist"
  },
  "00w1": {
    "ar": "الصور",
    "en": "Images"
  },
  "00w2": {
    "ar": "المنتح",
    "en": "Product"
  },
  "00w3": {
    "ar": "سعر الوحدة",
    "en": "Unit Price"
  },
  "00w4": {
    "ar": "حالة الكمية",
    "en": "Stock Status"
  },
  "00w5": {
    "ar": "اضف للسلة",
    "en": "Add to cart."
  },
  "00w6": {
    "ar": "حذف",
    "en": "Remove"
  },
  "00l0": {
    "ar": "توصيل مجاني لجميع المناطق",
    "en": "FREE Delivery nationwide"
  },
  "00l2": {
    "ar": "نحن متخصصون في ابتكار أفكار إبداعية لجميع المناسبات والحفلات وكذلك تنفيذ الديكورات الداخلية والخارجية المكونة من الزهور الاصطناعية والينابيع والخضروات الاصطناعية والديكورات وتنسيقات الزهور الطبيعية المميزة",
    "en": "We are specialized in coming up with creative ideas for all events and occasions as well as the implementation of interior and exterior decoration consisted of artificial flowers, springs, artificial vegetables, decorations, and distinctive natural flowers arrangements"
  },
  "00l4": {
    "ar": "تسجيل الدخول",
    "en": "Login"
  },
  "00l5": {
    "ar": "تسجيل خروج",
    "en": "Logout"
  },
  "00s0": {
    "ar": "المتجر عبر الانترنت",
    "en": "Online Flower Shop"
  },
  "00s1": {
    "ar": "المتجر",
    "en": "Shop"
  },
  "00s3": {
    "ar": "الاسم (ا ء ي)",
    "en": "Name(A - Z)"
  },
  "00s4": {
    "ar": "الاسم (ا ء ي)",
    "en": "Name(Z - A)"
  },
  "00s5": {
    "ar": "السعر (من الأرخص الى الأغلى)",
    "en": "Price(Low > High)"
  },
  "00s6": {
    "ar": "السعر (من الأغلى الى الأرخص )",
    "en": "Price(High > Low)"
  },
  "00s7": {
    "ar": "وصلة سريعة",
    "en": "QUICK LINK"
  },
  "00s8": {
    "ar": "للإتصال السريع",
    "en": "QUICK CONTACT"
  },
  "00s9": {
    "ar": "قائمة طعام",
    "en": "Menu"
  },
  "00s10": {
    "ar": "آخر",
    "en": "Other"
  },
  "0002": {
    "ar": "English",
    "en": "عربى"
  },
  "000a3": {
    "ar": "مشاهدة,",
    "en": "View"
  },
  "000a4": {
    "ar": "فرز",
    "en": "Filter"
  },
  "000aa5": {
    "ar": "عرض عربة التسوق",
    "en": "VIEW CART"
  },
  "000aa6": {
    "ar": "إتمام الطلب",
    "en": "CHECKOUT"
  },
  "000aa7": {
    "ar": "افضل المنتجات",
    "en": "BEST PRODUCTS"
  },
  "000aa8": {
    "ar": "السعر: ",
    "en": "Price: "
  },
  "000co1": {
    "ar": "اسم المرسل ",
    "en": "Sender Name * "
  },
  "000co2": {
    "ar": "البريد الإلكتروني للمرسل",
    "en": "Sender Email * "
  },
  "000co3": {
    "ar": "رقم هاتف المرسل",
    "en": "Sender Contact * "
  },
  "000co4": {
    "ar": "اسم المستلم ",
    "en": "Recipient Name * "
  },
  "000co5": {
    "ar": "رقم هاتف المستلم",
    "en": "Recipient Contact * "
  },
  "000co6": {
    "ar": "تاريخ التسليم او الوصول ",
    "en": "Delivery Date"
  },
  "000co7": {
    "ar": "موعد التسليم ",
    "en": "Delivery Time"
  },
  "000co8": {
    "ar": "البلد ",
    "en": "Country * "
  },
  "000co9": {
    "ar": "المدينة ",
    "en": "City  * "
  },
  "000co10": {
    "ar": "عنوان المستلم ",
    "en": "Recipient Address * "
  },
  "000co11": {
    "ar": "نوع المكان ",
    "en": "Place Type * "
  },
  "000co12": {
    "ar": "أقرب مكان ",
    "en": "Nearest Place * "
  },
  "000co13": {
    "ar": "رسالة للحصول على بطاقة هدية ",
    "en": "Message for Gift Card * "
  },
  "000co14": {
    "ar": "تأكيد الطلب",
    "en": "CONFIRM ORDER"
  },
  "000co15": {
    "ar": "الدفع عند الاستلام ",
    "en": "CASH ON DELIVERY"
  },
  "000co16": {
    "ar": "الدفع ببطاقة الإئتمان",
    "en": "Credimax"
  },
  "000co17": {
    "ar": "هل لديك قسيمة ?",
    "en": "Have A Coupon?"
  },
  "000co18": {
    "ar": "الإشتراك",
    "en": "Subscribe"
  },
  "000co19": {
    "ar": "هاتف",
    "en": "Phone"
  },
  "000co20": {
    "ar": "البريد الإلكتروني",
    "en": "Email"
  },
  "000co21": {
    "ar": "عنوان",
    "en": "Address"
  },
  "000co22": {
    "ar": "??? ????????+",
    "en": "+973 33441480"
  },
  "000co23": {
    "ar": "المجموع الفرعي",
    "en": "Sub-Total :"
  },
  "000co24": {
    "ar": "المجموع",
    "en": "Total :"
  },
  "000co25": {
    "ar": "ساعات العمل",
    "en": "Working hours"
  },
  "000co26": {
    "ar": "الاثنين - الأحد: 10:00 صباحا - 02:00 مساءا",
    "en": "Monday – Sunday: 10:00 AM – 02:00 PM"
  },
  "000co27": {
    "ar": "الجمعة: مغلق",
    "en": "Friday : Closed"
  },
  "000co28": {
    "ar": " الهاتف",
    "en": "Telephone :"
  },
  "000co29": {
    "ar": "التليفون المحمول :",
    "en": "Mobile :"
  },
  "000co30": {
    "ar": "إرسال",
    "en": "Submit"
  },
  "000co31": {
    "ar": "04:00 م - 09:00 م",
    "en": "04:00 PM – 09:00 PM"
  },
  "000co32": {
    "ar": "إجماليات سلة التسوق",
    "en": "Cart Totals"
  },
  "000co33": {
    "ar": "سياسة الشركة",
    "en": "Policy"
  },
  "00m34": {
    "ar": "تاريخ الطلب",
    "en": "Order Date"
  },
  "00m35": {
    "ar": "تحميل ..",
    "en": "Loading . . ."
  },
  "00m36": {
    "ar": "الخيارات المقترحة",
    "en": "Suggested Products"
  },
  "00m37": {
    "ar": "رمز السعادة",
    "en": "A Symbol Of Happiness"
  },
  "00m38": {
    "ar": "أقسامنا",
    "en": "Our Categories"
  },
  "00m39": {
    "ar": "تسوق حسب الاقسام",
    "en": "Shop By Category"
  },
  "00m40": {
    "ar": "اشترك في النشرة الإخبارية لدينا وابق على اطلاع دائم بالمنتجات والعروض الترويجية الجديدة",
    "en": "Subscribe to our newsletter and always up to date about new products and promos."
  },
  "00m41": {
    "ar": "ماذا يقول عملاؤنا",
    "en": "What Our Client Says!!"
  },
  "00m42": {
    "ar": "حقوق النشر محفوظة © فلاور سنتر الإمارات العربية المتحدة ، جميع الحقوق محفوظة",
    "en": "Copyright © Flower Center UAE, ALL RIGHTS REGISTERED"
  },
  "00m43": {
    "ar": "flowercenter.uae@gmail.com",
    "en": "flowercenter.uae@gmail.com"
  },
  "00m44": {
    "ar": "لم يتم العثور على منتج",
    "en": "No Product Found"
  },
  "00m45": {
    "ar": "الأول",
    "en": "First"
  },
  "00m46": {
    "ar": "الأخير",
    "en": "Last"
  },
  "00m47": {
    "ar": "اشتري الآن",
    "en": "Buy Now"
  },
  "00m48": {
    "ar": "تسليم في نفس اليوم (درجة أولى)",
    "en": "SAME DAY PREMIUM DELIVERY"
  },
  "00m49": {
    "ar": "ضمان للسعر والجودة",
    "en": "PRICE AND SATISFACTION GUARANTEE"
  },
  "00m50": {
    "ar": "المئات من الهدايا من أفضل الماركات",
    "en": "THOUSAND OF GIFTS FROM THE BEST BRANDS"
  },
  "00m51": {
    "ar": "المجموع الفرعي",
    "en": "Sub-Total"
  },
  "00m52": {
    "ar": "بيانات المرسل",
    "en": "Sender Details"
  },
  "00m53": {
    "ar": "تخصيص الوصف",
    "en": "Customization Description"
  },
  "00m54": {
    "ar": "تأسس فلاور سنتر في دولة الإمارات العربية المتحدة في عام 2012 عندما بدأنا في استيراد الزهور الاصطناعية وتوزيعها في السوق. وفي عام 2015 ، افتتحنا فرعنا الأول للبيع بالتجزئة مباشرة تلاه فرع ثان ",
    "en": "Flower Center was established in the UAE in 2012 when we started importing artificial flowers and distributing them in the market. In year 2015, we opened our first branch for direct retail selling followed by a second branch."
  },
  "00m55": {
    "ar": "رسالة",
    "en": "Message"
  },
  "00m56": {
    "ar": "الشارقة, الإمارات العربية المتحدة",
    "en": "SHARJAH, UAE"
  },
  "0fc00": {
    "ar": "تصنيفاتنا",
    "en": "Our Categories"
  },
  "0fc01": {
    "ar": "عرض الكل",
    "en": "VIEW ALL"
  },
  "0fc02": {
    "ar": "التسوق حسب الفئة",
    "en": "Shop By Category"
  },
  "0fc03": {
    "ar": "عروض خاصة",
    "en": "Hot Offers"
  },
  "0fc04": {
    "ar": "العلامات التجارية",
    "en": "Brands"
  },
  "0fc05": {
    "ar": "ماذا يقول عملائنا",
    "en": "What Our Client Says!!"
  },
  "0fc06": {
    "ar": "تأسس مركز الزهور في دولة الإمارات العربية المتحدة في عام 2012 عندما بدأنا في استيراد الزهور الاصطناعية وتوزيعها في السوق. في عام 2015 ، افتتحنا أول فرع لنا للبيع بالتجزئة مباشرة تبعه فرع ثان",
    "en": "Flower Center was established in the UAE in 2012 when we started importing artificial flowers and distributing them in the market. In year 2015, we opened our first branch for direct retail selling followed by a second branch."
  },
  "0fc07": {
    "ar": "حقوق النشر محفوظة © فلاور سنتر الإمارات العربية المتحدة ، جميع الحقوق محفوظة",
    "en": "Copyright © Flower Center UAE, ALL RIGHTS REGISTERED"
  },
  "0fc08": {
    "ar": "ادخل بريدك الإلكتروني",
    "en": "Enter you email"
  },
  "0fc09": {
    "ar": "الاسم",
    "en": "Name"
  },
  "0fc010": {
    "ar": "البريد الإلكتروني",
    "en": "Email"
  },
  "0fc011": {
    "ar": "تواصل معنا",
    "en": "Contact"
  },
  "0fc012": {
    "ar": "الموضوع",
    "en": "Subject"
  },
  "0fc013": {
    "ar": "أرسل لنا رسالة",
    "en": "Message"
  },
  "0fc014": {
    "ar": "طريقك نحو اللحظات التي لا تنسى",
    "en": "Your link for special moments"
  },
  "0fc015": {
    "ar": "تأسس مركز الزهور في دولة الإمارات العربية المتحدة في عام 2012 عندما بدأنا في استيراد الزهور الاصطناعية وتوزيعها في السوق. في عام 2015 ، افتتحنا أول فرع لنا للبيع بالتجزئة مباشرة تبعه فرع ثان. بعد ذلك بدأنا بالتعاقد مع المصانع بالخارج لتصنيع المنتجات حسب مواصفاتنا للبيع بالجملة والتجزئة. بالإضافة إلى ذلك بدأنا رحلتنا في بيع الورد الطبيعي وتنسيق الحفلات حتى يومنا هذا",
    "en": "Flower Center was established in the UAE in 2012 when we started importing artificial flowers and distributing them in the market. In year 2015, we opened our first branch for direct retail selling followed by a second branch. After that, we have started contracting with factories abroad to manufacture products according to our own specifications for wholesale and retail selling. In addition to that, we began our journey in selling natural roses and coordinating parties until this day."
  },
  "0fc016": {
    "ar": "لماذا فلاور سنتر?",
    "en": "WHY FLOWER CENTER?"
  },
  "0fc017": {
    "ar": " نحن متخصصون في إقتراح أفكار إبداعية لجميع المناسبات و الأحداث, و كذلك تنفيذ الديكورات الداخلية والخارجية المكونة من الزهور الاصطناعية والينابيع والخضروات الاصطناعية والديكورات وتنسيقات الزهور الطبيعية المميزة ",
    "en": "We are specialized in coming up with creative ideas for all events and occasions as well as the implementation of interior and exterior decoration consisted of artificial flowers, springs, artificial vegetables, decorations, and distinctive natural flowers arrangements"
  },
  "0fc018": {
    "ar": "اشترك في النشرة الإخبارية معنا وكن على اطلاع دائم بالمنتجات الجديدة والعروض الترويجية",
    "en": "Subscribe to our newsletter and always upto date about new products and promos."
  },
  "0fc019": {
    "ar": "التصنيفات",
    "en": "CATEGORIES"
  },
  "0fc020": {
    "ar": "منتج مقترح",
    "en": "SUGGESTED PRODUCT"
  },
  "0fc021": {
    "ar": "تنسيقات زهور مبدعة ومبتكرة",
    "en": "Creative flowers arrangements"
  },
  "0fc022": {
    "ar": "سلة التسوق",
    "en": "Cart"
  },
  "0fc023": {
    "ar": "إتمام الطلب",
    "en": "Checkout"
  },
  "0fc024": {
    "ar": "الدفع",
    "en": "Payment"
  },
  "0fc025": {
    "ar": "معلومات المرسل",
    "en": "Sender Details"
  },
  "0fc026": {
    "ar": "سيتم إرسال الفاتورة عن طريق البريد الإلكتروني فقط ولن يحصل المستلم على نسخة مطبوعة",
    "en": "Invoice will be sent only by email and recipient will not get a printed copy "
  },
  "0fc027": {
    "ar": "يرجى إضافة عناصر في عربة التسوق الخاصة بك ثم تقديم الطلب",
    "en": "Kindly add items in your cart then place order"
  },
  "0fc028": {
    "ar": "رقم  قسيمة الشراء",
    "en": "Coupon code"
  },
  "0fc029": {
    "ar": "قسيمة الشراء غير صالحة",
    "en": "Invalid Coupon"
  },
  "0fc030": {
    "ar": "لم يتم إضافة أي عنصر",
    "en": "No Item added"
  },
  "0fc031": {
    "ar": "المجموع الفرعي",
    "en": "Sub-Total"
  },
  "0fc032": {
    "ar": "اختر المدينة",
    "en": "Select City"
  },
  "0fc033": {
    "ar": "لم يتم اختيار المدينة",
    "en": "No City Selected"
  },
  "0fc034": {
    "ar": "اختر المدينة",
    "en": "SELECT CITY"
  },
  "0fc035": {
    "ar": "اختر منطقة توصيل",
    "en": "Select delivery area"
  },
  "0fc036": {
    "ar": "السياسة والأحكام",
    "en": "Policy"
  },
  "0fc037": {
    "ar": "التصنيفات",
    "en": "Our Categories"
  },
  "0svc01": {
    "ar": "أكبر مجموعة في صناعة الخدمات",
    "en": "The Largest group in the Services industry"
  },
  "0exp01": {
    "ar": "توسعات أعمالنا تشهد على رؤيتنا",
    "en": "Our Business Expansions witnesses our Vision"
  },
  "0wwa01": {
    "ar": "من نحن",
    "en": "Who We Are"
  },
  "0pgh01": {
    "ar": "المجموعة لديها أعمال متنوعة و متعددة الجنسيات",
    "en": "Planera group is having diversified multinational-owned businesses,"
  },
  "0lmp01": {
    "ar": "تحتل مجموعة بلانيرا مكانة رائدة في السوق في مجال البناء ، وتقدم خدمات متعددة لعملائها بسبب النطاق الواسع من الشركات والعلامات التجارية التي تضمها",
    "en": "A leading market position in the construction field, Planera Group offers multiple services to its clients due to the wide range of companies and brands it houses"
  },
  "0wmh01": {
    "ar": "نحن نصنع التاريخ",
    "en": "We Make History"
  },
  "0sin01": {
    "ar": "منذ عام 2019",
    "en": "Since 2019"
  },
  "0est01": {
    "ar": "تأ سسنا في  عام2019  وحققنا ثقة كبيرة في مجال البناء. و أعلنا عن مشاريع فيلات فاخرة لعملائنا الحصريين في مناطق مختلفة من مملكة البحرين.تأ سسنا في  عام2019  وحققنا ثقة كبيرة في مجال البناء. و أعلنا عن مشاريع فيلات فاخرة لعملائنا الحصريين في مناطق مختلفة من مملكة البحرين.",
    "en": "Established in 2019 in the field of construction we accomplished substantial confidence in the field of construction. Currently, we have announced luxurious villas projects for our exclusive customers in different areas of the Bahrain Kingdom."
  },
  "0str01": {
    "ar": "بدأت مع موظف واحد ، في غضون عام ، تضم المجموعة أكثر من 50 موظفًا من جنسيات مختلفة يعملون معًا لتحقيق هدف مشترك.",
    "en": "Started with one employee, within a year, the group has 50+ employees of different nationalities working together for a common goal."
  },
  "0ass01": {
    "ar": "الآن مجموعة بلانيرا مرتبطة في مجال البناء والتصميم الداخلي ومبيعات العطور وإعلانات وسائل التواصل الاجتماعي والتصوير الفوتوغرافي / بالفيديو ، كما تقدم خدمات الاستشارات الإدارية",
    "en": "Now Planera group is associated in the field of Construction, Interior designing, Perfumery sales, Social media advertising, Photography / Videography, and also offers Management Consultancy Services"
  },
  "0ot01": {
    "ar": "فريقنا",
    "en": "OUR TEAM"
  },
  "0pln01": {
    "ar": "تصميم داخلي وفن بلانيرا",
    "en": "PLANERA INTERIOR AND ART"
  },
  "0acb01": {
    "ar": "أكتيفار البحرين",
    "en": "ACTIVAR BAHRAIN"
  },
  "0hcl01": {
    "ar": "هيرمانو للمقاولات وتنسيق الحدائق",
    "en": "HERMANO CONTRACTING AND LANDSCAPING"
  },
  "0hrp01": {
    "ar": "هيرمانو للإصلاح والصيانة",
    "en": "HERMANO REPAIR AND MAINTENANCE"
  },
  "0acd01": {
    "ar": "أكتيفار دبي",
    "en": "ACTIVAR DUBAI"
  },
  "0pgt01": {
    "ar": "بلانيرا للتجارة العامة",
    "en": "PLANERA GENERAL TRADING"
  },
  "0lna01": {
    "ar": "آخر الأخبار والأحداث",
    "en": "LATEST NEWS & EVENTS"
  },
  "0ldm01": {
    "ar": "تحميل المزيد",
    "en": "Load more"
  },
  "0osl01": {
    "ar": "رابطنا الاجتماعي",
    "en": "OUR SOCIAL LINK"
  },
  "0cuf01": {
    "ar": "تواصل معنا للحصول على آخر التحديثات والمشاريع القادمة",
    "en": "Connect us for the latest updates and upcoming projects"
  },
  "0md01": {
    "ar": "مركز مندرين للأعمال",
    "en": "Mandarine Business Center"
  },
  "0ba01": {
    "ar": "منطقة السيف (البحرين)",
    "en": " Alseef District (Bahrain)"
  },
  "0sm01": {
    "ar": "ارسل رسالة",
    "en": "SEND A MESSAGE"
  },
  "0on01": {
    "ar": "أخبارنا",
    "en": "OUR NEWS"
  },
  "0oe01": {
    "ar": "أحداثنا",
    "en": "OUR EVENTS"
  },
  "0ptw01": {
    "ar": "امتيازات العمل مع بلانيرا",
    "en": "Perks To Work With Planera"
  },
  "0ohs01": {
    "ar": "محور واحد لكل الحلول ونقطة واحدة لكل الإتصالات",
    "en": "One Hub Solution and One Point of Contact"
  },
  "0ms01": {
    "ar": "عمل مع قناعة أكثر و تنسيق أقل",
    "en": "More Satisfied work with Less Coordination"
  },
  "0kp01": {
    "ar": "مواكبة المنافسين مع الكفاءة الفنية",
    "en": "Keep Up with Competitors with technical competency"
  },
  "0tt01": {
    "ar": "متدرب ومتحول",
    "en": "Trained and Transformed"
  },
  "0wp01": {
    "ar": "حسن التخطيط والتنفيذ بشكل صحيح",
    "en": "Well Planned and properly executed"
  },
  "0es01": {
    "ar": "قناعة و فعالية في العمل",
    "en": "Efficient and Satisfying work"
  },
  "0syr01": {
    "ar": "أرسل سيرتك الذاتية",
    "en": "Submit Your Resume"
  },
  "0co01": {
    "ar": "الافتتاح الحالي",
    "en": "CURRENT OPENING"
  },
  "0em01": {
    "ar": "يرجى إرسال سيرتك الذاتية إلى jobs@planerabh.com أو تحميل سيرتك الذاتية هنا. سنكون على اتصال إذا توفر دور يتناسب مع مهاراتك وخبراتك.",
    "en": "Please send your CV to jobs@planerabh.com or upload your resume here. We will be in touch if a role becomes available that matches your skills and experiences."
  },
  "0uyr01": {
    "ar": "تحميل السيرة الذاتية",
    "en": "Upload Your Resume"
  },
  "0ppg01": {
    "ar": "مدعوم من مجموعة بلانيرا",
    "en": "Powered by Planera Group"
  },
  "0mbc01": {
    "ar": "مركز مندرين للأعمال - منطقة السيف (البحرين)",
    "en": "Mandarine Business Center - Alseef District (Bahrain)"
  },
  "0pg01": {
    "ar": "مجموعة بلانيرا",
    "en": "Planera Group"
  },
  "0ea01": {
    "ar": "تأسست الشركة عام 2020 في مجال البناء ، وحققت نجاحًا كبيرًا من خلال العمل على الظروف المعيشية ، والتنوع في المجتمعات والمناطق الحضرية. ثم قررت الشركة جمع عملياتها معًا تحت مظلة واحدة لمجموعة بلانيرا مثل Planera Arts , Activar Bahrain Public Relations من خلال رؤية مؤسسها ، والتوجه الاستراتيجي ، والالتزام الثابت ، حققت مجموعة بلانيرا أهدافها في أعمال البناء والآن توسع المجموعة محفظتها في التصميم الداخلي ، ومبيعات العطور ، والإعلان عبر وسائل التواصل الاجتماعي ، والتصوير الفوتوغرافي ، والفيديو ، والاستشارات التسويقية  و مجال الإدارية .",
    "en": "Established in 2020 in the field of construction, and achieved great success by working on living conditions, and versatility in urban communities and areas. Then the company decided to bring its operations together under one umbrella of Planera Group such as Planera Arts and Activar Bahrain Public Relations Through its founder's vision, strategic direction, and unwavering commitment, the Planera group achieved its goals in the construction business and now The Group expands its Portfolio in interior design, perfume sales, social media advertising, photography, and video, and Marketing and Management consultancy field We started with one employee, and now the group consists of more than 50 employees from around the world working together with a common goal. We achieve our goals under the leadership of Omar Abdulaziz, a great leader and successful businessman. The Planera Group now works in construction, interior design, perfume sales, social media advertising, photography and video, and also works in marketing and management consulting."
  },
  "0cm01": {
    "ar": "رسالة رئيس مجلس الإدارة",
    "en": "CHAIRMAN MESSAGE"
  },
  "0om01": {
    "ar": "يعتقد السيد عمر بوكمال أنه إذا لم تتغير الشركة فلن تستمر ، وبالتالي فإن فلسفة القيادة لمجموعة بلانيرا كانت دائمًا فلسلفة المرونة والتكيف.",
    "en": "Mr. Omar Bukamal believes that if a company does not change it will not survive and therefore the leadership philosophy of Planera Group has always been one of flexibility and adaptation."
  },
  "0pp01": {
    "ar": "الغرض من مجموعة بلانيرا هو خدمة الناس وخدمة المجتمع",
    "en": "The purpose of the مجموعة بلانيرا is to serve the people and serve the community"
  },
  "0pa01": {
    "ar": "لطالما اتسمت مجموعة مجموعة بلانيرا بالمرونة والتكيف.",
    "en": "Planera Group has always been one of flexibility and adaptation."
  },
  "0wg01": {
    "ar": "نحن ننمو لنصبح شركة متنوعة ومتعددة الجنسيات مع الاهتمام بقطاعات متعددة",
    "en": "We grow to become a diversified multinational business with interest across multiple sectors"
  },
  "0vs01": {
    "ar": "الرؤية و",
    "en": "Vision &"
  },
  "0mis1": {
    "ar": "بعثة",
    "en": "Mission"
  },
  "0rgn1": {
    "ar": "أن نكون الرائد الإقليمي من خلال وضع معايير للمنتجات العالية الجودة والخدمات المبتكرة والموثوقة وقناعة العملاء و تحقيق فرق كبير للأشخاص الذين لديهم أحلام كبيرة",
    "en": "To be the regional leader by setting benchmarks for superior quality products, innovative services, reliability, and customer satisfaction and make a big difference for people with a big dreams"
  },
  "0om1": {
    "ar": "مهمتنا هي ما إذا كنا ندخل أسواقًا جديدة أو نلتقي بالعملاء بطرق جديدة ، فنحن نبتكر باستمرار لتلبية توقعات العملاء.",
    "en": "Our mission is whether we are entering new markets or meeting customers in new ways, we are constantly innovating to meet customer expectations."
  },
  "0os1": {
    "ar": "استراتيجيتنا",
    "en": "Our Strategy"
  },
  "0pgs1": {
    "ar": "تُستمد إستراتيجية مجموعة بلانيرا من مهمتنا المتمثلة في جعل الغد مكانًا أفضل. استراتيجيتنا هي تحقيق نمو مستدام ومربح من خلال",
    "en": "Planera Group strategy is derived from our mission to make tomorrow a better place. Our strategy is to achieve sustainable, profitable growth by"
  },
  "0aag1": {
    "ar": "الاستثمار في موظفينا وقدراتنا",
    "en": "Investing in our people and capabilities"
  },
  "0ag1": {
    "ar": "بناء شراكات طويلة الأمد وموثوقة",
    "en": "Building long-term, trusted partnerships"
  },
  "0as01": {
    "ar": "نقل المعرفة والمهارات إلى الأسواق الجديدة والحالية",
    "en": "Transferring knowledge and skills to new and existing markets"
  },
  "0as1": {
    "ar": "توفير قدرة بناء عالية الجودة وجاهزة للتسليم",
    "en": "Providing a turnkey high-quality construction capability"
  },
  "0pgp1": {
    "ar": "توفر مجموعة بلانيرا حلول مركزية واحدة لعملائها من خلال تقديم مجموعة متنوعة من الخدمات من خلال الشركات والعلامات التجارية التي تضمها",
    "en": "Planera Group provides one hub solutions to its clients by giving a variety of services through the companies and brands it houses"
  },
  "0ol01": {
    "ar": "مواقعنا",
    "en": "OUR LOCATIONS"
  },
  "0oc01": {
    "ar": "عملائنا",
    "en": "OUR Clients"
  },
  "0ex01": {
    "ar": "اكتشف",
    "en": "Explore"
  },
  "0pgi01": {
    "ar": "تضم مجموعة بلانيرا العديد من الشركات تحت مظلتها.",
    "en": "Planera Group includes several companies under its umbrella."
  },
  "0pi01": {
    "ar": "تم إنشاء Planera interior & art للخدمات السكنية والتجارية والفنية.",
    "en": "Planera interior & art is established for residential, commercial, and art services."
  },
  "0bbc01": {
    "ar": "شركة بحرينية متخصصة في عدة مجالات تقدم خدمات إعلامية متعددة مثل ،التصوير الفوتوغرافي والفيديو.",
    "en": "A Bahraini-based company that specialises in several fields, it provides multiple media services such as, photography and videography."
  },
  "0bct01": {
    "ar": "شركة بحرينية افتتحت مؤخرًا فرعًا لها في دبي تحت إدارة مجموعة من الشباب البحريني.",
    "en": "A Bahraini company that has recently opened a branch in Dubai, which was under the management of a group of young Bahrainis."
  },
  "0b01": {
    "ar": "تعمل شركة هيرمانو للمقاولات وتنسيق الحدائق على إنشاء وصيانة مباني بكافة أنواعها كالفنادق والعمارات والفيلات والشقق",
    "en": "Hermano Contracting and Landscaping Company works on constructing and maintaining buildings of all kinds, such as hotels, buildings, villas and apartments"
  },
  "0hm1": {
    "ar": "هيرمانو لخدمات الصيانة للكهرباء والسباكة تعمل من خلال فريق عمل متخصص وذو  خبرة , يستعمل ميني باص مجهز بجميع المعدات",
    "en": "Hermano maintenance services for electricity and plumbing that works through a specialized and experienced team through a mini bus with all their equipment"
  },
  "0cp1": {
    "ar": "للإتصال ببلانيرا",
    "en": "CONTACT PLANERA"
  },
  "0sl01": {
    "ar": "مبيعات",
    "en": "Sales"
  },
  "0in01": {
    "ar": "للإستفسار",
    "en": "Inquires"
  },
  "0wva1": {
    "ar": "نحن نقدر ونريد أن نسمع منك! تواصل معنا باستخدام النموذج أدناه أو اتصل بفريق الدعم لصيانة المنتج واستفسارات الدعم",
    "en": "We value and want to hear from you! Reach out to us using the below form or contact our support team for product maintenance and support inquiries"
  },
  "0bh1": {
    "ar": "البحرين",
    "en": "Bahrain"
  },
  "0db1": {
    "ar": "دبي",
    "en": "Dubai"
  },
  "0ac1": {
    "ar": "شبكة مراكز أعمال التحالف ،الطابق الرابع ، بلوك B",
    "en": "Alliance Business Centers Network, 4th Floor, Block-B"
  },
  "0lt1": {
    "ar": "لنتحدث ...",
    "en": "Let's talk..."
  },
  "0qs01": {
    "ar": "هل لديك اسئلة؟",
    "en": "Do you have any questions?"
  },
  "0ser01": {
    "ar": "خدمات",
    "en": "Services"
  },
  "0prj01": {
    "ar": "المشاريع",
    "en": "Projects"
  },
  "0art01": {
    "ar": "فن",
    "en": "Art"
  },
  "0arr01": {
    "ar": "كل الحقوق محفوظة",
    "en": "All Rights Reserved"
  },
  "0wrp01": {
    "ar": "نحن متحمسون",
    "en": "We Are Passionate"
  },
  "0vc01": {
    "ar": "القدرات البصرية",
    "en": "Visual Capabilities"
  },
  "0sop01": {
    "ar": "شاهد مشاريعنا",
    "en": "See our Projects"
  },
  "0oex01": {
    "ar": "إنجازاتنا",
    "en": "Our Executions"
  },
  "0mad1": {
    "ar": "احداث فرق",
    "en": "Make A Difference"
  },
  "0wdr1": {
    "ar": "نحن لا نجدد",
    "en": "We Dont Renovate"
  },
  "0wt1": {
    "ar": "نحن نحول",
    "en": "We Transform"
  },
  "0tss1": {
    "ar": "لتصميم مساحتك",
    "en": "To Style Your Space"
  },
  "0pid1": {
    "ar": "بلانيرا للتصميم الداخلي",
    "en": "Planera Interior Design"
  },
  "0dyd1": {
    "ar": "صمم سكن أحلامك ومشاريعك التجارية معنا",
    "en": "Design your dream Residence and Commercial projects with us"
  },
  "0opa1": {
    "ar": "هدفنا الأساسي هو إنشاء تصميمات من خلال التركيز على الجانب الجمالي وضمان تنفيذ عملنا بإتقان تام.",
    "en": "Our primary aim is to create designs by focusing on the aesthetic side and ensuring the execution of our work with full perfection."
  },
  "0oda1": {
    "ar": "تم تحقيق تصميماتنا من قبل محترفين ونحن متحمسون لتلبية رغبات عملائنا.",
    "en": "Our designs are made by professionals and we are passionate to meet the aspiration of our customers."
  },
  "0oss1": {
    "ar": "خدماتنا",
    "en": "Our Services"
  },
  "0wwc1": {
    "ar": "ماذا نستطيع ان نفعل",
    "en": "What We Can Do"
  },
  "0id01": {
    "ar": "تصميم داخلي",
    "en": "Interior Design"
  },
  "0exd01": {
    "ar": "التصميم الخارجي",
    "en": "Exterior Design"
  },
  "0ld01": {
    "ar": "تصميم المناظر الطبيعية",
    "en": "Landscape Design"
  },
  "0ccs01": {
    "ar": "استشارات الفضاء المفاهيمية والتصميم",
    "en": "Consulting Conceptual Space & Design"
  },
  "0sse01": {
    "ar": "الإشراف على تنفيذ الموقع",
    "en": "Supervising Site Execution"
  },
  "0fls01": {
    "ar": "اختيار الأثاث والأضواء",
    "en": "Furniture & Lights Selection"
  },
  "0ov01": {
    "ar": "رؤيتنا",
    "en": "Our Vision"
  },
  "0wat01": {
    "ar": "نحن نهدف إلى رسم خيالك من خلال الشكل النهائي و الرفيع المُستوى. نحن نصمم أسلوب حياتك. نحن متحمسون لتلبية رغبات عملائنا",
    "en": "We aim to sketch your imagination through the ultimate form of sophistication. We design your lifestyle. we are passionate to meet the aspiration of our customers."
  },
  "0inq01": {
    "ar": "استفسر الآن",
    "en": "Inquire Now"
  },
  "0od01": {
    "ar": "تصميماتنا احترافية وشغوفة لتلبية طموح عملائنا",
    "en": "Our designs are professional and passionate to meet the ambition of our customer"
  },
  "0iyh01": {
    "ar": "في منزلك أو مكتبك ، نهدف إلى إنشاء تصميمات جمالية ومتطورة. أينما كنت ، نحن نصمم حياتك.",
    "en": "In your home or office , we aim to create aesthetic and sophisticated designs. Whereever you are, we design your life."
  },
  "0vow01": {
    "ar": "عرض عملنا",
    "en": "View our work"
  },
  "0wsy01": {
    "ar": "نصوغ قيمك من خلال الهندسة المعمارية المبتكرة وآفاق التصميم",
    "en": "We shape your values through Innovative Architecture & Design Perspectives"
  },
  "0pit01": {
    "ar": "تعمل مقصورة Planera على تغيير معاييرك التي تتصل تمامًا بالناس من خلال الجمع بين الإبداع اللامحدود والمرافق الذكية. تصميماتنا احترافية وشغوفة لتلبية طموح عملائنا.",
    "en": "Planera interior transforms your standards that purely connect with people by marrying unbounded creativity with intelligent utility. Our designs are professional and passionate to meet the ambition of our customers."
  },
  "0wpi01": {
    "ar": "لماذا بلانيرا للتصميم الداخلي",
    "en": "Why Planera Interior"
  },
  "0wwo01": {
    "ar": "نحن نعمل على الابتكارات اللتي تجعل الأشياء الإبداعية تبدو مختلفة.",
    "en": "We work on innovations and innovations does creative things to look differently."
  },
  "0ww01": {
    "ar": "لدينا صيغة عمل QRECS. الجودة والموثوقية والكفاءة وخدمة العملاء",
    "en": "We have a working formula QRECS. Quality, Reliability, Efficiency, Customer, Services"
  },
  "0vop01": {
    "ar": "عرض مشاريعنا",
    "en": "View Our Projects"
  },
  "0sow01": {
    "ar": "إكتشف أعمالنا",
    "en": "See Our Work"
  },
  "0wap01": {
    "ar": "نحن نقدم مجموعة واسعة من الخدمات من صيانة المنزل إلى المساعدة الشخصية. نحن نتأكد من عدم المساس بسلامتك. هذا هو السبب في أننا نوظف جميع الموظفين تحت سقف شركة هيرمانو للإصلاح والصيانة.",
    "en": "We are providing the most extensive range of services from home maintenance to personal assistance. We make sure that your safety is never compromised. This is why we hire all the staff under the roof of Hermano repair and maintainence company."
  },
  "0oea01": {
    "ar": "خبراؤنا متواجدون دائمًا",
    "en": "OUR EXPERTS ARE ON HAND"
  },
  "0rhh01": {
    "ar": "إصلاح عقد المنزل والأجهزة",
    "en": "Repair House Hold and Appliances"
  },
  "0elec1": {
    "ar": "كهرباء",
    "en": "Electricity"
  },
  "0gal1": {
    "ar": "صالة عرض",
    "en": "Gallery"
  },
  "0bnw1": {
    "ar": "احجز الآن",
    "en": "Book Now"
  },
  "0pg001": {
    "ar": "2022 بدعم من مجموعة بلانيرا",
    "en": "2022 Powered by Planera Group"
  },
  "0bft1": {
    "ar": "إحاطة   ، أول شيء تحدده المفهوم والنموذج الذي تريده.",
    "en": "<b>Briefing</b>, First thing you determine the concept and model you want."
  },
  "0bfw1": {
    "ar": "المعالجة، بعد الإحاطة نقوم بتنفيذ المفهوم المطلوب.",
    "en": "<b>Processing</b>, After briefing we carry out the execution of the desired concept."
  },
  "0bwa1": {
    "ar": "الإنهاء، بعد اكتمال العملية ، سنقوم على الفور بتنفيذ مرحلة الإنهاء.",
    "en": "<b>Finishing</b>, After the process is complete, We will immediately carry out finishing stage."
  },
  "0oprt1": {
    "ar": "ملكنامَلَفّ",
    "en": "Our <br /><span>Portfolio</span>"
  },
  "0ocp1": {
    "ar": "وصلت مشاريعنا المكتملة إلى أقصى الحدود وأصبحت الأناقة. نهدف إلى إنشاء تصميمات جمالية ومتطورة.",
    "en": "Our completed projects carried to an extreme and become elegance. We aim to create aesthetic and sophisticated designs."
  },
  "0vp01": {
    "ar": "عرض الحافظة",
    "en": "View Portfolio"
  },
  "0yhs01": {
    "ar": "يجب أن يروي منزلك قصة من أنت ، وأن يكون مجموعة من الأشياء التي تحبها",
    "en": "Your home should tell the story of who you are, and be a collection of what you love"
  },
  "0wos01": {
    "ar": "نقدم خدمات للهياكل المادية بالإضافة إلى التصميمات الشخصية والفنية مثل لون الطلاء وشكل السقف والمواد والأرضيات والباحات والحدائق وغير ذلك.",
    "en": "We offer services for physical structures as well as personal and artistic designs such as paint color, roof shape and material, decks, patios, gardens, and more."
  },
  "0ws01": {
    "ar": "يتمتع المصممون لدينا بالخبرة لتحويل مشروعك من خلال الفن والعلم وتحسين التصميم الداخلي لتحقيق بيئة مبهجة من الناحية الجمالية للأشخاص الذين يستخدمون المساحة.",
    "en": "Our designers have expertise to transform your project through art and science and enhance the interior design to achieve an aesthetically pleasing environment for the people using the space."
  },
  "0off01": {
    "ar": "تقديم تصميمات وأعمال فنية رائعة لتعزيز الثقافة والتقاليد ودمجها مع الطبيعة. تصنع مفاهيمنا المعاصرة جسراً بين الهندسة المعمارية التي تستهدفها وتصميم حديقتك",
    "en": "Offering fascinating designs and artwork to promote culture and tradition and combine them with nature. Our contemporary concepts make a bridge between your aimed architecture and your garden design"
  },
  "0gae01": {
    "ar": "احصل على حل متخصص حسب حاجتك ومساحتك. نقدم خدمات للهياكل المادية بالإضافة إلى التصميمات الشخصية والفنية مثل لون الطلاء وشكل السقف والمواد والأرضيات والباحات والحدائق وغير ذلك.",
    "en": "Get an expert solution as per your need and space. We offer services for physical structures as well as personal and artistic designs such as paint color, roof shape and material, decks, patios, gardens, and more."
  },
  "0syw01": {
    "ar": "احصل على حل متخصص حسب حاجتك ومساحتك. نقدم خدمات للهياكل المادية بالإضافة إلى التصميمات الشخصية والفنية مثل لون الطلاء وشكل السقف والمواد والأرضيات والباحات والحدائق وغير ذلك.",
    "en": "Share your Workload; Hire our services to supervise your projects to minimize your hidden risks. We offer supervision services for small and large scale of businesses or projects"
  },
  "0glc01": {
    "ar": "تغير الإضاءة الجيدة وتحول المساحة ، يوفر فريقنا الإبداعي أثاثًا وتصميمات إضاءة حصرية ستؤثر على أجواء مساحتك وتعززها",
    "en": "Good lighting changes and transforms a space, Our Creative team provides exclusive furniture and lighting designs which will impact and enhance the ambiance of your space"
  },
  "0yh01": {
    "ar": "يجب أن يروي منزلك قصة من أنت ، وأن يكون مجموعة من الأشياء التي تحبها.",
    "en": "Your home should tell the story of who you are, and be a collection of what you love."
  },
  "0fb01": {
    "ar": "مصنف بواسطة",
    "en": "Filter by"
  },
  "0sa01": {
    "ar": "عرض الكل",
    "en": "Show all"
  },
  "0liv1": {
    "ar": "معيشة",
    "en": "Living"
  },
  "0app1": {
    "ar": "شقة",
    "en": "Appartment"
  },
  "0shp1": {
    "ar": "محل",
    "en": "Shop"
  },
  "0off1": {
    "ar": "مكتب",
    "en": "Office"
  },
  "0lst1": {
    "ar": "لنشارك الفكرة ...",
    "en": "Lets Share the Idea..."
  },
  "0plm1": {
    "ar": "السباكة",
    "en": "Plumbing"
  },
  "0plmw1": {
    "ar": "أعمال السباكة",
    "en": "Plumbing <br /> Work"
  },
  "0acm1": {
    "ar": "صيانة المكيفات",
    "en": "Air Conditioner Maintenance"
  },
  "0hiw1": {
    "ar": "كيف تعمل",
    "en": "HOW IT WORKS"
  },
  "0bs1": {
    "ar": "خدمات الكتاب في 3 خطوات فقط!",
    "en": "Book services in just 3 steps!"
  },
  "0sts1": {
    "ar": "اختر الخدمة",
    "en": "Select the service"
  },
  "0cts1": {
    "ar": "اختر الفتحة",
    "en": "Choose the slot"
  },
  "0mpr1": {
    "ar": "ادفع واسترخي",
    "en": "Make payment and relax"
  },
  "0bks1": {
    "ar": "خدمة الكتاب",
    "en": "Book Service"
  },
  "0tak1": {
    "ar": "ألق نظرة على تجديدنا",
    "en": "Take a look at our renovation"
  },
  "0cal1": {
    "ar": "اتصل بنا",
    "en": "Call us"
  },
  "0nws1": {
    "ar": "اشترك في النشرة الإخبارية لدينا",
    "en": "Subscribe Our <span><br />Newsletter</span>"
  },
  "0st1": {
    "ar": "حدد الوقت",
    "en": "Select Time"
  },
  "0ss1": {
    "ar": "حدد الخدمات",
    "en": "Select Services"
  },
  "0hha1": {
    "ar": "الأدوات المنزلية والأجهزة",
    "en": "Household and appliances"
  },
  "0acw1": {
    "ar": "أعمال التكييف",
    "en": "Air Conditioner Work"
  },
  "0wap1": {
    "ar": "نحن نقدم مجموعة واسعة من الخدمات من صيانة المنزل إلى المساعدة الشخصية. نحن نتأكد من عدم المساس بسلامتك.",
    "en": "We are providing the most extensive range of services from home maintenance to personal assistance.We make sure that your safety is never compromised."
  },
  "0tiw1": {
    "ar": "هذا هو السبب في أننا نوظف جميع الموظفين تحت سقف شركة Hermano للإصلاح والصيانة.",
    "en": "This is why we hire all the staff under the roof of Hermano repair and maintainence company."
  },
  "0wch1": {
    "ar": "لماذا تختار هيرمانو",
    "en": "WHY CHOOSE <br /> HERMANO"
  },
  "0wot1": {
    "ar": "نحن نقدم أفضل خدمة إصلاح وصيانة بأسعار تنافسية. إن الفنيين لدينا مدربين تدريباً جيداً ومطلعين ومجهزين بأحدث التقنيات. يمكننا إصلاح الأشياء التي لا يمكن للآخرين إصلاحها في أي وقت من الأوقات.",
    "en": "We offer the best repair and maintenance service with competitive pricing.  Our Technicians are well trained and informed and equipped with the latest technologies. We can fix things that can not be fixed by others in no time."
  },
  "0pm1": {
    "ar": "الصيانة المهنية",
    "en": "Professional Maintainence"
  },
  "0srv1": {
    "ar": "خدمات 24/7",
    "en": "24/7 Services"
  },
  "0affp1": {
    "ar": "سعر معقول",
    "en": "Affordable Price"
  },
  "0acwk1": {
    "ar": "أعمال صيانة المكيفات",
    "en": "Air conditioner <br /> maintainence work"
  },
  "0mb01": {
    "ar": "مركز مندرين للأعمال - منطقة السيف (البحرين)",
    "en": "Mandarine Business Center <br /> Alseef District (Bahrain)"
  },
  "0roh1": {
    "ar": "إصلاح الأجهزة المنزلية والأجهزة",
    "en": "Repair of household <br /> and appliances"
  },
  "0Hih1": {
    "ar": "يقدم الفنيون الداخليون في Hermano أفضل مجموعة موثوقة وكاملة من خدمات إصلاح وتركيب الأجهزة المنزلية باستخدام المواد المناسبة التي تم التحقق منها وأحدث التقنيات.",
    "en": "Hermano’s In-house technicians provide the best reliable, and Complete range of home appliance repairing and installation services by using the appropriate verified materials and latest techniques."
  },
  "0wdi1": {
    "ar": "نحن نتعامل في جميع أنواع أعمال السباكة ، بما في ذلك تركيبات PPR ، وتركيب CPVC ، والأعمال المماثلة. فريقنا متاح لأعمال الإصلاح الصغيرة / الكبيرة. نحن نصلح مشاكلك في أي وقت من الأوقات",
    "en": "We deal in all kinds of plumbing work, including PPR Fittings, CPVC Fitting, and similar work. Our team is available for small/large repair work. We fix your issues in no time"
  },
  "0wrs1": {
    "ar": "متخصصون في إصلاح المكيفات بأحدث الأدوات. نعد بتقديم الجودة والرضا",
    "en": "We are specialized in repairing Air conditioners with the latest tools. We promise to deliver quality and satisfaction"
  },
  "0oet1": {
    "ar": "فريقنا الكهربائي مدرب جيدًا ولديه معرفة كاملة بإجراءات التشغيل الموحدة المطلوبة للعمل جنبًا إلى جنب مع أحدث المعدات اللازمة لأعمال الإصلاح والتركيب الكهربائية للمباني السكنية والتجاريةعملاء",
    "en": "Our Electrical team is well-trained with full knowledge of SOPs required for the work along with the latest equipment required for the Electric repair and fitting work for residential and commercial customers."
  },
  "0rpr1": {
    "ar": "بصلح",
    "en": "Repair"
  },
  "0mnt1": {
    "ar": "اعمال صيانة",
    "en": "Maintainence"
  },
  "0oth1": {
    "ar": "آحرون",
    "en": "Others"
  },
  "0cua1": {
    "ar": "اتصل بنا في أي وقت",
    "en": "Call us <br> Anytime"
  },
  "0git1": {
    "ar": "تواصل مع فريق الخدمة لدينا. تحدث إلينا للحصول على دعم العملاء على مدار الساعة وطوال أيام الأسبوع ، وأخبرنا كيف يمكننا المساعدة. سنتواصل معك في أقرب وقت ممكن بناءً على مدى إلحاحكطلب.",
    "en": "Get in touch with our service team. Talk to us for 24/7 customer support.Let us know how we can help. We will get in touch as soon as possible based on urgency of your request."
  },
  "0fft1": {
    "ar": "لا تتردد في إرسال رسالة إلينا",
    "en": "Feel free to <br> send us a message"
  },
  "0stf1": {
    "ar": "أرسل النموذج بنجاح!",
    "en": "Submitted the form successfully!"
  },
  "0wwg1": {
    "ar": "سوف نعود اليك قريبا.",
    "en": "We will get back to you soon."
  },
  "0bsi1": {
    "ar": "احجز الخدمة في 3 خطوات فقط!",
    "en": "Book Service in just 3 Steps!"
  },
  "0stss1": {
    "ar": "اختر الخدمة",
    "en": "Select the <br /> service"
  },
  "0cyts1": {
    "ar": "اختر وقتك",
    "en": "Choose your <br /> time slot"
  },
  "0mpar1": {
    "ar": "ادفع واسترخي",
    "en": "Make payment <br /> and relax"
  },
  "0hcl1": {
    "ar": "شركة هيرمانو للمقاولات وتنسيق الحدائق هي شركة رائدة في تقديم الخدمات المتعددة التي تلبي احتياجاتك 360 يحتاج بجودة مضمونة.",
    "en": "Hermano contracting and landscaping company is a leading multiple service provider catering to your 360 needs with quality guaranteed."
  },
  "0wwd1": {
    "ar": "الذي نفعله",
    "en": "What We Do?"
  },
  "0bwc": {
    "ar": "أعمال تشييد المباني",
    "en": "Building Construction Work"
  },
  "0lde": {
    "ar": "تصميم وتنفيذ المناظر الطبيعية",
    "en": "Landscapíng Design and Execution"
  },
  "0ode": {
    "ar": "مطورونا يجسدون شعارهم للجودة والسرعة ورضا العميل! يبدأ كل مشروع برؤية ، ويحقق هدفًا واحدًا.",
    "en": "Our developers embody their motto of quality, speed & client satisfaction! Every project begins with a vision, bringing alive one goal."
  },
  "0hcle": {
    "ar": "هيرمانو للمقاولات والمناظر الطبيعية خبراء في بناء وصيانة جميع أنواع المشاريع الصناعية والتجارية والسكنية بما في ذلك فنادق بورش عالية الجودة وأحدث المباني التكنولوجية والفيلات والشقق الراقية هي خبرتنا.",
    "en": "Hermano Contracting and Landscaping are experts in constructing and maintaining all kind of Industrial, Commercial, and residential projects including Porsche quality hotels, latest Tech buildings, high end villas and apartments are our expertise."
  },
  "0Iat": {
    "ar": "بالإضافة إلى أعمال البناء لدينا ، نحن بارعون في تقديم خدمات الصيانة مثل الكهرباء والسباكة والأعمال الأخرى ذات الصلة من خلال سيارة متنقلة متوفرة عند الطلب المعدات والمواد الكاملة المطلوبة لأعمال الصيانة.",
    "en": "In addition to our construction business, we are proficient in providing maintenance services such as electricity, plumbing and other related works through a mobile car available on call complete equipment and material required for the maintenance work."
  },
  "0odet0": {
    "ar": "مطورونا يجسدون شعارهم للجودة والسرعة ورضا العميل! يبدأ كل مشروع برؤية ، ويحقق هدفًا واحدًا.",
    "en": "Our developers embody their motto of quality, speed & client satisfaction! Every project begins with a vision, bringing alive one goal."
  },
  "0om0": {
    "ar": "مهمتنا",
    "en": "Our Mission"
  },
  "0omi0": {
    "ar": "مهمتنا هي أعمال البناء إضافة الهياكل إلى مناطق الأرض بطريقة قديمة أو مصممة بطريقة تقنية حديثة أو مخصصة حسب الظواهر الطبيعية.",
    "en": "Our mission is to construction work add the structures to areas of land in an old fashioned or newly tech designed ways or customized as per the natural phenomena."
  },
  "0was0": {
    "ar": "نحن متخصصون",
    "en": "WE ARE SPECIALISTS"
  },
  "0sic0": {
    "ar": "متخصصة في مقاولات والمناظر الطبيعية",
    "en": "Specializing in Contracting and Landscaping"
  },
  "0shc0": {
    "ar": "منذ تأسيس شركة Hermano ، نقدم سجلاً حافلًا من التصميم الإبداعي والجودة في تنسيق الحدائق والصيانة. لقد خدمنا واكتسبنا سمعة كوننا أحد المنافسين الرائدين في السوق في مجال المناظر الطبيعية السكنية والتجارية.",
    "en": "Since Hermano company was founded, we offers a proven track record of creative, quality design in Landscaping and maintenance. We have served and earned the reputation of being one of the market leading competitors in residential and commercial landscaping."
  },
  "0wae0": {
    "ar": "نحن متميزون",
    "en": "WE ARE EXPRIENCED"
  },
  "0wh0": {
    "ar": "لماذا هيرمانو",
    "en": "Why Hermano"
  },
  "0weg0": {
    "ar": "لقد توسعنا بشكل كبير بسبب جودة عملنا ، ولدينا الآن عملاء للمناظر الطبيعية وشركات في جميع أنحاء البحرين.",
    "en": "We expanded greatly because of our quality work, and now have domestic and corporate landscaping and gardening clients all over Bahrain."
  },
  "0wao0": {
    "ar": "نحن نقدم مستوى عاليًا من المعرفة والقيمة الحقيقية مقابل المال. اليوم نحافظ على أكثر من 50 موقعًا ، مما يجعلنا إحدى الشركات الرائدة في مجال الخدمات الخضراء في البحرين.",
    "en": "We are offering a high level of knowledge and real value for money. Today we maintain over 50+ sites, making us one the leading green services companies in Bahrain."
  },
  "0wbt0": {
    "ar": "نعتقد أن هذا لا يرجع فقط إلى الحفاظ على معايير عالية من التصميم الإبداعي والبناء الماهر ، ولكن أيضًا بسبب التركيز الذي نوليه للعناية والاهتمام بالعميل ومنزلهم",
    "en": "We believe that this is due to, not only maintaining high standards of creative design and skilled construction, but also the emphasis we put on care and consideration for the customer and their home"
  },
  "0oai0": {
    "ar": "هدفنا هو جعل تجربتك في المشروع إيجابية ومرضية قدر الإمكان. تأتي معظم مشاريعنا إلينا من توصيات العملاء. نعتقد أن هذا لا يرجع فقط إلى الحفاظ على معايير عالية من التصميم الإبداعي والبناء الماهر ، ولكن أيضًا بسبب التركيز الذي نوليه للعناية والاهتمام بالعميل ومنزلهم.",
    "en": "Our aim is to make your experience of the project as positive and pleasing as possible. Most of our projects come to us from customer recommendation. We believe that this is due to, not only maintaining high standards of creative design and skilled construction, but also the emphasis we put on care and consideration for the customer and their home."
  },
  "0sas0": {
    "ar": "اطلع على جميع الخدمات",
    "en": "SEE ALL SERVICES"
  },
  "0spc0": {
    "ar": "متخصصة في المقاولات وتنسيق الحدائق في البحرين",
    "en": "Specializing in Contracting & Landscaping in Bahrain"
  },
  "0hca0": {
    "ar": "يستخدم خبراء هيرمانو للمقاولات والمناظر الطبيعية أحدث الأدوات والتقنيات لضمان الجودة والدقة والدقة والكفاءة العالية للمشروع وجعله يصل إلى علامته. تؤمن شركتنا بالاختلاف والموثوقية والاستدامة.",
    "en": "Hermano Contracting and Landscaping’s experts use the latest tools and techniques to ensure quality, precision, accuracy, and high efficiency of the project and make it up to its mark. Our company believes in Difference, Reliability, and Sustainability."
  },
  "0obc0": {
    "ar": "تضيف أعمال البناء الخاصة بنا الهياكل إلى مناطق الأرض بطريقة قديمة أو مصممة بطريقة تقنية حديثة أو مخصصة وفقًا للظواهر الطبيعية",
    "en": "Our Building construction work add the structures to areas of land in an old fashioned or newly tech designed ways or customized as per the natural phenomena"
  },
  "0ood0": {
    "ar": "طريقة التصميم والبناء الخاصة بنا هي تحول تدريجي بعيدًا عن الأساليب التقليدية. يضمن إشراك كل من المهندس المعماري والمقاول في وقت مبكر في العملية الحصول على منتج عالي الجودة في فترة زمنية أقصر.",
    "en": "Our own Design-Build method is a progressive shift away from more traditional methods. Involving both the architect and the contractor early on in the process ensures a higher quality product in a shorter amount of time."
  },
  "0wah0": {
    "ar": "نحن فريق ذو خبرة عالية من المتخصصين في تنسيق الحدائق مع سجل حافل في إنشاء وصيانة المناظر الطبيعية المرموقة عبر أجزاء مختلفة من الشرق الأوسط.",
    "en": "We are a highly experienced team of landscaping specialists with a proven track record for constructing and maintaining prestigious landscapes across various parts of middle east ."
  },
  "0ros0": {
    "ar": "بغض النظر عن الحجم أو التعقيد ، سواء كنت بحاجة إلى خدمات تصميم مناظر طبيعية موثوقة أو صيانة احترافية ، فإننا نقدم نهجًا مرنًا ، مصممًا وفقًا للاحتياجات المحددة لمشروعك",
    "en": "Regardless of size or complexity, whether you require a trusted landscaping design services or professional maintenance, we offer a flexible approach, tailored to the specific needs of your project"
  },
  "0jnb0": {
    "ar": "جانبية",
    "en": "Janabiya"
  },
  "0rlnd0": {
    "ar": "الرفاع لاندسكيب",
    "en": "Riffa Landscape"
  },
  "0rvw0": {
    "ar": "الرفاع فيوز",
    "en": "Riffa Views"
  },
  "0oth0": {
    "ar": "آحرون",
    "en": "Others"
  },
  "0ayu0": {
    "ar": "هل أنت جاهز للترقية",
    "en": "Are you ready to upgrade"
  },
  "0waht0": {
    "ar": "نحن هنا لمساعدتك",
    "en": "We are here to help you"
  },
  "0wtc0": {
    "ar": "هل تريد الدردشة؟",
    "en": "Want to chat?"
  },
  "0wlt0": {
    "ar": "يسعدنا أن نسمع منك! تواصل مع فريق نجاح العملاء لدينا للاستفسار عن الخدمات أو المشاريع أو الأسعار أو فقط قل مرحبًا.",
    "en": "We’d love to hear from you! Get in touch with our Customer Success Team to inquire about services, projects, rates, or just say hello."
  },
  "0sum0": {
    "ar": "أرسل لنا رسالة",
    "en": "Send us a Message"
  },
  "0fft0": {
    "ar": "لا تتردد في الاتصال بنا",
    "en": "Feel Free To Contact With Us"
  },
  "0vdw0": {
    "ar": "عمل بالفيديو",
    "en": "Videography Work"
  },
  "0ptw0": {
    "ar": "عمل التصوير",
    "en": "Photography Work"
  },
  "0waf0": {
    "ar": "نحن لجميع التحديات!",
    "en": "We are for all challenges!"
  },
  "0tfo": {
    "ar": "التي تركز على توفير الحلول الرقمية لمستخدمي وسائل التواصل الاجتماعي وتقدم خدمات التسويق والتصميم والتطوير المتعلقة بالشبكة والعالم الاجتماعي",
    "en": "that focuses on providing digital solutions for Social Media users and offers its Marketing, designing and development services related to the network and social world"
  },
  "0sos0": {
    "ar": "انظر خدماتنا",
    "en": "See our Services"
  },
  "0oyo0": {
    "ar": "أكثر من 30 عامًا من الخبرة المكتسبة",
    "en": "OVER 30 YEARS OF EXPERIENCE GAINED"
  },
  "0tpc0": {
    "ar": "التي تقدم خدمات إعلامية شاملة وإنتاج الصور والفيديو والتصميم والطباعة بكافة أنواعها",
    "en": "that provides comprehensive media services, production of images and videos, design and printing of all kinds"
  },
  "0ipp0": {
    "ar": "تمارس العلاقات العامة وأنشطة التسويق والعطور وتقدم استشارات إدارة المشاريع",
    "en": "it practices public relations, marketing and perfume activities, it provides project management consultancy"
  },
  "0ist0": {
    "ar": "تسعى إلى أن تكون شريك نجاح مع عملائها لتحقيق أهدافهم ورغباتهم وتقديم أفضل الخدمات لتكون الخيار الأمثل لجميع العملاء",
    "en": "It seeks to be a success partner with its clients to achieve their goals and desires and provide the best services to be the ideal choice for all clients"
  },
  "0art0": {
    "ar": "مراجعة المراجعة واختبار المخاطر السيبرانية",
    "en": "Auditing Reviewing & <br />Testing Cyber Risk"
  },
  "0sma0": {
    "ar": "تطوير وإدارة تطبيقات الوسائط الاجتماعية",
    "en": "Social Media Applications <br /> Development & Management"
  },
  "0it0": {
    "ar": "البنية التحتية لتكنولوجيا المعلومات",
    "en": "IT Infrastructure"
  },
  "0itn0": {
    "ar": "خدمات شبكة تقنية المعلومات",
    "en": "Information Technology <br /> Network Services"
  },
  "0mss0": {
    "ar": "خدمة التسويق عبر وسائل التواصل الاجتماعي",
    "en": " Marketing Service Via <br /> Social Media"
  },
  "0css0": {
    "ar": "خدمات إسكان أنظمة الكمبيوتر",
    "en": "Computer Systems <br /> Housing Services"
  },
  "0wd0": {
    "ar": "ختصميم الموقع",
    "en": "Website <br /> Design"
  },
  "0ogs0": {
    "ar": "خدمات الألعاب عبر الإنترنت",
    "en": "Online Gaming <br /> Services"
  },
  "0bap0": {
    "ar": "كن جزءًا من عائلة Activar",
    "en": "Be A Part of Activar Family"
  },
  "0itc0": {
    "ar": "تكنولوجيا المعلومات وخدمات الكمبيوتر",
    "en": "Information Technology & Computer Services"
  },
  "0smm0": {
    "ar": "إدارة وسائل التواصل الاجتماعي",
    "en": "Social Media Management"
  },
  "0pm0": {
    "ar": "الترويج والتسويق",
    "en": "Promotion and Marketing"
  }
  ,
  "0pr0": {
    "ar": "العلاقات العامة",
    "en": "Public Relations"
  },
  "0mc0": {
    "ar": "تغطية إعلامية",
    "en": "Media Coverage"
  },
  "0mac0": {
    "ar": "إدارة البطولة",
    "en": "Manage Tournament"
  },
  "0all0": {
    "ar": "الجميع",
    "en": "All"
  },
  "00aby": {
    "ar": "عباية",
    "en": "Abaya"
  },
  "00evn": {
    "ar": "حدث",
    "en": "Event"
  },
  "00per": {
    "ar": "عطور",
    "en": "Perfumes"
  },
  "00spr": {
    "ar": "رياضات",
    "en": "Sports"
  },
  "00oobj": {
    "ar": "",
    "en": "Our Objectives"
  },
  "00wwt": {
    "ar": "نعمل على مواكبة تقدم الكلمة الالكترونية وتلبية متطلبات عملائك حسب احتياجاتهم بأعلى درجة من الشخصية",
    "en": "We work to keep pace with the progress of the electronic word and meet the requirements of your customers to their suit need with the highest degree of personalism"
  },
  "00csf": {
    "ar": "",
    "en": "Customer Satisfaction First"
  },
  "00Inh": {
    "ar": "",
    "en": "Integrity and honesty"
  },
  "00cts": {
    "ar": "",
    "en": "Commitment to social responsibility"
  },
  "00ohb": {
    "ar": "",
    "en": "One Hand to acheive the best"
  },
  "00ddi": {
    "ar": "",
    "en": "Diversity, distinction and Innovation"
  },
  "00ycd": {
    "ar": "",
    "en": "YOU CAN DO THIS WITH US!"
  },
  "00los": {
    "ar": "",
    "en": "Like our services?"
  },
  "00fftc": {
    "ar": "",
    "en": "Feel free to contact us"
  },
  "00ocis": {
    "ar": "",
    "en": "Our company is recognized as a decisive and robust name in the region. We have assisted thousands of brands by providing them best-demanded services as per their business nature."
  },
  "00oyw": {
    "ar": "",
    "en": "Do you want to give an exclusive touch to your brands, we promise you that our services range from high-quality video production, 4K Videos, Destination shoots, testimonial shoots as well as Top Impact Editing and Copy Editing we meet your demand."
  },
  "00wof": {
    "ar": "",
    "en": "We offer our services to individuals and brands. We re-imagine our experience with your brand, with clear digital directions and get an understanding of your brand’s goals and objectives, and help to reach the next highest level."
  },
  "00wat": {
    "ar": "",
    "en": "We aim to invent and execute unique brand experiences and get the best result out of them. Use our services to experience the creative ways to attract consumers & shoppers with your offered brands."
  },
  "00get": {
    "ar": "",
    "en": "Get our photography services to capture your important moments for future"
  },
  "00hut": {
    "ar": "",
    "en": "Hire us to deliver the right message to the right people at the right time that is exactly what we do for your brand"
  },
  "00occ": {
    "ar": "",
    "en": "Our company can develop and steer your brand's relationship with the media in the right direction. Hire our team to get the best media coverage for your event."
  },
  "00fsf": {
    "ar": "",
    "en": "From start to finish, we are experts in managing events. Our company is known for being able to customize the perfect funfilled tournaments for your company and with other companies"
  }
}